uuid,SD1,SD2,sampen,higuci,datasetId,condition,HR
89df2855-56eb-4706-a23b-b39363dd605a,11.00156459,199.0617822,2.139754004,1.163485204,2,no stress,69.49995211
80c795e4-aa56-4cc0-939c-19634b89cbb2,9.170129223,114.6344585,2.174498785,1.08471059,2,interruption,64.36314993
c2d5d102-967c-487d-88f2-8b005a449f3e,11.53341728,118.9392535,2.135349707,1.17631483,2,interruption,67.45006559
37eabc44-1349-4040-8896-0d113ad4811f,11.11947631,127.3185974,2.178340631,1.179688139,2,no stress,68.8095618
aa777a6a-7aa3-4f6e-aced-70f8691dd2b7,13.59064147,87.71828073,2.221120909,1.249611574,2,no stress,74.56572752
