uuid,SD1,SD2,sampen,higuci,datasetId,condition
62b75db5-bc40-4c8f-9166-daf0efcab4c2,8.347897874,115.8624442,2.209659139,1.100714889,2,time pressure
a99549ad-3eb6-4413-bc90-9053e7f7e684,14.54209602,77.11890272,2.186132223,1.290614997,2,no stress
cb573d3a-c767-4556-b32e-ad8c08ded214,9.799335904,125.0443769,2.051571157,1.226663306,2,no stress
47a0c6de-2aef-4ac3-997d-252fa6fd07f1,11.63918464,302.0298117,2.080910265,1.085142622,2,time pressure
de3fd54f-c74e-4fe8-bf2a-7a127f68b312,7.266566941,72.57924824,2.068727517,1.252547204,2,interruption
